SKU,Nombre,Marca,Precio,Precio Lista,Stock
3023705,Blanqueador EKONO pureza cítrica (2000  ml),EKONO,2860,2860,10000
3430342,Detergente en polvo FAB ultra flash (4000  gr),FAB,34725,46300,10000
3430343,Detergente en polvo FAB ultra flash (5000  gr),FAB,39000,52000,10000
1413539,Detergente en polvo ARIEL triple poder ropa blanca y de color (5000  gr),ARIEL,59800,62300,10000
3491790,Detergente líquido EXITO MARCA PROPIA aroma floral (3000  ml),EXITO MARCA PROPIA,11980,12580,10000
263056,Jabón de barra REY original (900  gr),REY,8650,10250,10000
1696433,Detergente líquido BLANCOX protección color limpieza profunda (3800  ml),BLANCOX,20475,40950,10000
3429963,Detergente en polvo FAB ultra flash (2000  gr),FAB,17257,27450,10000
3451457,Blanqueador CLOROX pack limpia y desinfecta (2260  ml),CLOROX,7816,9770,10000
3429202,Detergente líquido FAB ultra flash (3000  ml),FAB,41250,55000,10000
522990,Limpiapisos FABULOSO antibacterial lavanda (2000  ml),FABULOSO,11250,18750,10000
3001782,Detergente líquido ARIEL doble poder concentrado (3700  ml),ARIEL,45350,90700,10000
3433700,Jabón de barra REY líquido original (2  lt),REY,14950,21850,10000
633743,Limpiapisos FABULOSO antibacterial lavanda (5000  ml),FABULOSO,25160,39300,10000
3580565,Detergente en polvo DERSA multiusos bicarbonato + manzana (2000  gr),DERSA,19950,19950,10000
22613,Jabón de barra REY azul (300  gr),REY,2820,3220,10000
1705882,Detergente en polvo EKONO multiusos aroma floral (2800  gr),EKONO,9870,9870,10000
1446696,Detergente líquido ARIEL doble poder concentrado (1200  ml),ARIEL,19462,29250,10000
776539,Limpiapisos FABULOSO antibacterial lavanda (3000  ml),FABULOSO,19480,29150,10000
3015859,Detergente líquido EXITO MARCA PROPIA aroma floral (1000  ml),EXITO MARCA PROPIA,4940,4940,10000
1128330,Blanqueador BLANCOX desinfectante aroma poder natural (3800  ml),BLANCOX,7950,16550,10000
865726,Blanqueador CLOROX original (3800  ml),CLOROX,11190,18650,10000
1712027,Blanqueador CLOROX magia floral (1800  ml),CLOROX,6517,8690,10000
3580574,Detergente en polvo DERSA multiusos bicarbonato (4000  gr),DERSA,38250,38250,10000
3649429,Detergente en polvo FAB blanco impecable (4000  gr),FAB,33937,45550,10000
94836,Detergente en polvo ARIEL triple poder ropa blanca y de color (2000  gr),ARIEL,23065,32950,10000
3429329,Detergente líquido FAB ultra flash vibra concentrado (330  ml),FAB,14175,18900,10000
1753280,Limpiapisos T/L/D TODOS LOS DIAS lavanda (2000  ml),T/L/D TODOS LOS DIAS,4230,4240,10000
3362316,Detergente líquido ARIEL doble poder concentrado (1800  ml),ARIEL,49850,49850,10000
785155,Limpiapisos AJAX bicarbonato naranja limón (2000  ml),AJAX,15337,20450,10000
620281,Desmanchador BLANCOX ropa color líquido (3000  ml),BLANCOX,16612,22150,10000
51617,Blanqueador BLANCOX desinfectante aroma poder natural (2000  ml),BLANCOX,4977,8630,10000
33809,Blanqueador CLOROX gel original (1000  ml),CLOROX,5830,10600,10000
117740,Limpiapisos AJAX bicarbonato naranja limón (3000  ml),AJAX,22680,29250,10000
1705937,Detergente en polvo EKONO multiusos aroma limón (2800  gr),EKONO,9870,9870,10000
802468,Detergente en polvo ARIEL triple poder ropa blanca y de color (4000  gr),ARIEL,37950,56900,10000
3331092,Jabón de barra TOP TERRA bosque tropical eco (690  gr),TOP TERRA,7050,9400,10000
259076,Jabón de barra COCO VARELA original (300  gr),COCO VARELA,4216,5270,10000
3118046,Jabón de barra T/L/D TODOS LOS DIAS líquido azul (1000  ml),T/L/D TODOS LOS DIAS,4450,4450,10000
3567233,Detergente líquido T/L/D TODOS LOS DIAS ultra concentrado + botella (330  ml),T/L/D TODOS LOS DIAS,3795,12650,10000
135915,Limpiapisos FABULOSO antibacterial lavanda (1000  ml),FABULOSO,9550,9550,10000
3429177,Detergente líquido FAB ultra flash (1800  ml),FAB,25462,33950,10000
566445,Blanqueador CLOROX gel lavanda (1000  ml),CLOROX,5472,9950,10000
1624495,Detergente en polvo TOP TERRA ecológico (4000  gr),TOP TERRA,28140,49650,10000
57884,Detergente líquido COCO VARELA coco (1800  ml),COCO VARELA,23512,37400,10000
1757905,Limpiapisos T/L/D TODOS LOS DIAS con bicarbonato cítrico (960  ml),T/L/D TODOS LOS DIAS,2540,2540,10000
667459,Limpiapisos AJAX bicloro poder desinfectante (2000  ml),AJAX,15075,20100,10000
3430345,Detergente en polvo FAB ultra flash (3000  gr),FAB,24075,38950,10000
3031648,Limpiapisos SANPIC vainilla (2000  ml),SANPIC,13032,20050,10000
549297,Blanqueador LIMPIDO multiusos limón (1800  ml),LIMPIDO,4504,5630,10000
139189,Limpiapisos FABULOSO antibacterial bebé (1000  ml),FABULOSO,8950,9120,10000
1752876,Jabón de barra SUPER RIEL con bicarbonato (840  gr),SUPER RIEL,5332,7110,10000
1456242,Quitamanchas VANISH blanco total (120  gr),VANISH,9340,9340,10000
3545791,Jabón de barra FAB ultra flash floral (300  gr),FAB,2452,3270,10000
36147,Limpiador PATO inodoro tanque pastilla marina (120  gr),PATO,19800,19800,10000
3393725,Jabón de barra REY  + detergente líquido (1200  gr),REY,9950,12000,10000
3678287,Detergente líquido BLANCOX coco ropa delicada (1800  ml),BLANCOX,19400,24250,10000
623012,Limpiador 1A en polvo abrasivo citrus (500  gr),1A,2970,2970,10000
1629868,Detergente líquido DERSA protege el color (1800  ml),DERSA,23200,27500,10000
618290,DETERGENTE LIQUIDO AZULSURTIDOS,DERSA,51700,51700,10000
3527390,Detergente en polvo AK1 aroma floral ropa blanca y color (3000  gr),AK-1,19650,26900,10000
1651225,Detergente en polvo ARIEL revitacolor ropa blanca y de color (4000  gr),ARIEL,40040,57200,10000
3580573,Detergente en polvo DERSA doble poder multiusos  (6000  gr),DERSA,35295,58100,10000
32753,Blanqueador CLOROX gel magia floral (500  ml),CLOROX,5430,5430,10000
3007970,Detergente en polvo EXITO MARCA PROPIA aroma floral (3000  gr),EXITO MARCA PROPIA,13350,13440,10000
1456245,Quitamanchas VANISH líquido (800  ml),VANISH,8420,9100,10000
1757903,Limpiapisos T/L/D TODOS LOS DIAS lavanda (960  ml),T/L/D TODOS LOS DIAS,2200,2210,10000
33545,Blanqueador CLOROX gel magia floral (1000  ml),CLOROX,6955,10700,10000
1763545,Detergente líquido ARIEL doble poder concentrado (2840  ml),ARIEL,63700,68700,10000
3118047,Jabón de barra T/L/D TODOS LOS DIAS líquido coco (1000  ml),T/L/D TODOS LOS DIAS,4450,4450,10000
3709524,Detergente en polvo EKONO multiusos aroma floral (900  gr),EKONO,3470,3480,10000
127214,Blanqueador LIMPIDO multiusos (3800  ml),LIMPIDO,12000,15000,10000
3580568,Detergente en polvo DERSA multiusos bicarbonato + manzana (500  gr),DERSA,5340,5340,10000
3136711,Detergente líquido DERSA doble poder multiusos (4000  ml),DERSA,33605,51700,10000
1456243,Quitamanchas VANISH líquido (800  ml),VANISH,8420,9100,10000
1250480,Limpiador MR MUSCULO inodoro pastilla brisa marina (120  gr),MR MUSCULO,11262,14250,10000
3429303,Detergente líquido FAB ultra flash vibra color (1800  ml),FAB,25500,34000,10000
3001380,Blanqueador BLANCOX desinfectante gel frescura total (1000  ml),BLANCOX,5376,7680,10000
1068362,"Limpiador PATO inodoro tanque pastilla, marina (160  gr)",PATO,23950,23950,10000
3374868,Detergente líquido DERSA doble poder multiusos (1800  ml),DERSA,22100,24350,10000
3007969,Detergente en polvo EXITO MARCA PROPIA aroma floral (1000  gr),EXITO MARCA PROPIA,4540,4550,10000
3181319,Jabón de barra EKONO azul (900  gr),EKONO,6150,6150,10000
14138,Limpiapisos FABULOSO antibacterial lavanda (500  ml),FABULOSO,5000,5000,10000
220037,Blanqueador CLOROX magia floral (3800  ml),CLOROX,11490,19150,10000
823255,Detergente líquido BLANCOX protección color limpieza profunda (1800  ml),BLANCOX,17775,23700,10000
3580564,Detergente en polvo DERSA multiusos bicarbonato + manzana (4000  gr),DERSA,26775,38250,10000
139449,Quitamanchas VANISH líquido (1800  ml),VANISH,23750,23750,10000
1648680,Detergente en polvo ARIEL revitacolor ropa blanca y de color (2000  gr),ARIEL,20965,32900,10000
3032691,Detergente en polvo ARIEL triple poder ropa blanca y de color (3300  gr),ARIEL,38550,38550,10000
3012138,Detergente líquido DERSA aroma a manzana verde (4000  ml),DERSA,52600,52600,10000
3545626,Quitamanchas VANISH líquido (1350  ml),VANISH,14800,14800,10000
924147,Quitamanchas VANISH líquido (1800  ml),VANISH,23750,23750,10000
34665,Blanqueador CLOROX gel original (500  ml),CLOROX,5200,5200,10000
1738958,Quitamanchas CLOROX colores vivos (2730  ml),CLOROX,18600,23250,10000
323620,Blanqueador CLOROX gel pureza cítrica (1000  ml),CLOROX,6006,9240,10000
3339417,Quitamanchas VANISH líquido (2600  ml),VANISH,22950,24100,10000
3185383,Jabón de barra PURO fuerza azul (645  gr),PURO,6142,8190,10000
1126230,Detergente en polvo ARIEL triple poder ropa blanca y de color (450  gr),ARIEL,6020,6020,10000
41932,Quitamanchas sin cloro CLOROX 4 en 1 para ropa color (3800  ml),CLOROX,23880,39800,10000
1456241,Quitamanchas VANISH en polvo (120  gr),VANISH,8900,8900,10000
3580567,Detergente en polvo DERSA multiusos bicarbonato + manzana (1000  gr),DERSA,10150,10150,10000
3433701,Jabón de barra REY líquido original (1600  ml),REY,15100,15100,10000
3538229,Limpiapisos FABULOSO energía naranja (1000  ml),FABULOSO,9120,9500,10000
3377106,Detergente 1A polvo abrasivo limón (700  gr),1A,5100,5100,10000
1037838,Detergente líquido AK1 aroma floral ropa blanca y color (1800  ml),AK-1,14550,19400,10000
7308,Limpia vidrios BINNER y espejos 5 en 1 (500  ml),BINNER,8050,8050,10000
324214,Limpiapisos AJAX naranja limón (1000  ml),AJAX,11550,11550,10000
58099,Detergente líquido COCO VARELA coco (3000  ml),COCO VARELA,44025,58700,10000
3385360,Limpiapisos SANPIC lavanda (2000  ml),SANPIC,12545,19300,10000
3340820,Quitamanchas VANISH líquido (2600  ml),VANISH,22950,24500,10000
3058620,Limpiapisos BLANCOX con el poder del vinagre (1500  ml),BLANCOX,11600,14500,10000
3642172,Detergente líquido ARIEL remueve manchas y cuida el color (1200  ml),ARIEL,19810,28300,10000
3724326,Limpiador FABULOSO ultra desinfectante (2000  ml),FABULOSO,21500,21500,10000
3184034,Jabón de barra COCO VARELA original (180  gr),COCO VARELA,3340,3340,10000
136250,Detergente líquido LAVOMATIC regular (1800  ml),LAVOMATIC,25425,33900,10000
52627,Blanqueador BLANCOX  (2000  ml),BLANCOX,6657,9510,10000
3709525,Detergente en polvo EKONO multiusos aroma limón (900  gr),EKONO,3470,3480,10000
3358635,Jabón de barra TOP TERRA bosque tropical eco (230  gr),TOP TERRA,3510,3510,10000
1753281,Limpiapisos T/L/D TODOS LOS DIAS citronela (2000  ml),T/L/D TODOS LOS DIAS,4490,4500,10000
794830,Quitamanchas sin cloro CLOROX 4 en 1 para ropa color (930  ml),CLOROX,7490,10700,10000
1033155,Quitamanchas VANISH líquido sin cloro (450  ml),VANISH,5520,5860,10000
1033154,Quitamanchas VANISH líquido (450  ml),VANISH,5520,5900,10000
3462712,Detergente líquido EXITO MARCA PROPIA prendas oscuras (1000  ml),EXITO MARCA PROPIA,6290,7180,10000
1707306,Limpiapisos FABULOSO alternativa al cloro fresca lavanda (1500  ml),FABULOSO,13100,13100,10000
1782960,Jabón de barra COCO prendas delicadas (540  gr),COCO,5962,7950,10000
193156,Jabón para ropa íntima PANTY SHOWER antibacterial (300  ml),PANTY SHOWER,11900,11900,10000
1786061,Detergente líquido ETERNA quita + manchas con bicarbonato (1800  ml),ETERNA,19450,19450,10000
3580575,Detergente en polvo DERSA doble poder multiusos  (2000  gr),DERSA,18900,18900,10000
1456890,Detergente líquido WOOLITE ropa oscura (900  ml),WOOLITE,16300,16300,10000
550490,Limpiador PATO inodoro tanque pastilla marina (80  gr),PATO,13600,13600,10000
3623258,Limpiavidrios T/L/D TODOS LOS DIAS acción desengrasante (500  ml),T/L/D TODOS LOS DIAS,3400,3400,10000
1391742,Detergente líquido AK1 con microcápsulas aroma a manzana (1800  ml),AK-1,14475,19300,10000
724750,Quitamanchas CLOROX ropa color (375  ml),CLOROX,2720,2810,10000
3264026,Desinfectante T/L/D TODOS LOS DIAS para frutas y verduras (500  ml),T/L/D TODOS LOS DIAS,5940,5940,10000
3042860,Limpiador AJAX bicarbonato naranja limón (500  ml),AJAX,5900,5900,10000
1757904,Limpiapisos T/L/D TODOS LOS DIAS citronela (960  ml),T/L/D TODOS LOS DIAS,2190,2190,10000
3623260,Limpiapisos T/L/D TODOS LOS DIAS citronela (1000  ml),T/L/D TODOS LOS DIAS,2290,2290,10000
3352367,Detergente en polvo TOP TERRA eco activo (850  gr),TOP TERRA,10750,10750,10000
3007967,Detergente en polvo EXITO MARCA PROPIA aroma limón (3000  gr),EXITO MARCA PROPIA,13350,13440,10000
760857,Desmanchador BLANCOX blanco líquido sin cloro (3000  ml),BLANCOX,18075,24100,10000
1429161,Limpiador BINNER de pisos madera y laminados (500  ml),BINNER,9880,9880,10000
1128331,Blanqueador BLANCOX desinfectante aroma floral (3800  ml),BLANCOX,8670,17650,10000
3439879,Jabón de barra EKONO azul (300  gr),EKONO,2460,2460,10000
3448661,Limpiapisos FABULOSO energía naranja (2000  ml),FABULOSO,16450,18650,10000
181701,Prelavado COLLARIN clásico doypack (500  ml),COLLARIN,9020,9480,10000
3430294,Jabón de barra DERSA coco (600  gr),DERSA,10450,11000,10000
3017779,Limpiapisos AJAX bicarbonato naranja limón (5000  ml),AJAX,36520,45650,10000
3546028,Jabón de barra FAB ultra flash limón (300  gr),FAB,3040,3040,10000
586127,Limpiapisos FABULOSO antibacterial bebé (2000  ml),FABULOSO,18750,18750,10000
3536021,Detergente líquido COCO VARELA el original (1300  ml),COCO VARELA,27750,27750,10000
22614,Limpiador 1A en polvo abrasivo (500  gr),1A,2990,3290,10000
3002910,Limpiador PATO inodoro activos cítrico repuesto (38  gr),PATO,11650,13600,10000
3002592,Blanqueador T/L/D TODOS LOS DIAS desinfectante aroma floral (2000  ml),T/L/D TODOS LOS DIAS,4280,4280,10000
3527391,Detergente líquido AK1 con aroma a suavizante (1800  ml),AK-1,13987,18650,10000
3051020,Jabón de barra SUPER RIEL líquido multiusos aroma floral (925  ml),SUPER RIEL,6154,7240,10000
1384919,Detergente en polvo ARIEL triple poder (1000  gr),ARIEL,18050,18050,10000
3582524,Detergente líquido ETERNA quita + manchas ropa oscura (1800  ml),ETERNA,18500,18500,10000
966448,Limpiapisos BLANCOX vibrante rosa y jazmín (3000  ml),BLANCOX,17640,25200,10000
1424329,Detergente en barra DERSA multiusos (250  gr),DERSA,3440,3440,10000
652636,Quitamanchas VANISH líquido (3785  ml),VANISH,45000,45000,10000
3725292,Limpiador FABULOSO líquido (1000  ml),FABULOSO,11400,11400,10000
3568002,Limpiapisos FABULOSO antibacterial violeta (1000  ml),FABULOSO,8650,8650,10000
123318,Quitamanchas sin cloro CLOROX 4 en 1 para ropa color (450  ml),CLOROX,4520,4520,10000
3555431,Detergente en polvo EKONO multiusos aroma floral (5000  gr),EKONO,19500,19500,10000
3580576,Detergente en polvo DERSA multiusos bicarbonato (1000  gr),DERSA,9690,10600,10000
3623261,Limpiapisos T/L/D TODOS LOS DIAS lavanda (1000  ml),T/L/D TODOS LOS DIAS,2300,2310,10000
332895,Limpiapisos AJAX bicloro poder desinfectante (1000  ml),AJAX,11550,11550,10000
415753,Desmanchador BLANCOX ropa color líquido protege el color (2000  ml),BLANCOX,16110,17900,10000
119882,Limpiador BIOVARSOL varsol multiusos (850  ml),BIOVARSOL,15750,15750,10000
181715,Preplanchado PLANCHI original doypack (500  ml),PLANCHI,5960,5960,10000
3543259,Blanqueador CLOROX original (930  ml),CLOROX,4384,5480,10000
1755609,Limpia vidrios EASY OFF cristal regular (900  ml),EASY OFF,16050,16050,10000
3737380,Detergente en polvo 3D explosión cítrica multiusos (500  gr),3D,4340,4340,10000
3272129,Jabón de barra VEL ROSITA con suavizante (180  gr),VEL ROSITA,10900,10900,10000
746656,Crema antibacterial FROTEX multidetergente (750  gr),FROTEX,17560,23650,10000
3095406,Blanqueador BLANCOX desinfectante aroma limón (3800  ml),BLANCOX,9240,17650,10000
3396048,Jabón de barra DERSA coco cuida tu ropa delicada (200  gr),DERSA,3720,3960,10000
3429846,Detergente líquido FAB ultra flash (1300  ml),FAB,18600,19500,10000
3642162,Detergente líquido ARIEL remueve manchas y cuida el color (2800  ml),ARIEL,44850,69000,10000
3623259,Limpiapisos T/L/D TODOS LOS DIAS bicarbonato (1000  ml),T/L/D TODOS LOS DIAS,2650,2650,10000
3532527,Limpiador BEISBOL vinagre de limpieza (1800  ml),BEISBOL,11437,15250,10000
1547562,Detergente líquido ARIEL con un toque de downy (1200  ml),ARIEL,26700,26700,10000
3377105,Detergente 1A polvo abrasivo pino (700  gr),1A,5250,5250,10000
909349,Crema antibacterial FROTEX multiusos (250  gr),FROTEX,9950,9950,10000
3438473,Detergente en polvo FAB ultra flash (450  gr),FAB,5690,6090,10000
968838,Detergente líquido LIMPIAYA doble poder de limpieza (1000  ml),LIMPIAYA,7200,7820,10000
3460877,Detergente líquido PERSIL universal acción profunda (830  ml),PERSIL,20900,20900,10000
3007968,Detergente en polvo EXITO MARCA PROPIA oxígeno activo aroma floral  (3000  gr),EXITO MARCA PROPIA,18850,18850,10000
882842,Limpiador PATO inodoro tanque pastilla pino (40  gr),PATO,7320,7320,10000
3007966,Detergente en polvo EXITO MARCA PROPIA aroma limón (1000  gr),EXITO MARCA PROPIA,4540,4550,10000
159019,Limpia vidrios EASY OFF cristal regular (500  ml),EASY OFF,10200,10200,10000
3546560,Jabón de barra FAB ultra flash limón (200  gr),FAB,2360,2360,10000
3482925,Limpiapisos BLANCOX con el poder del bicarbonato (5  lt),BLANCOX,20725,41450,10000
3528330,Limpiavidrios LIMPIAYA desengrasante y anti empañante  (500  ml),LIMPIAYA,3810,3810,10000
966219,Limpiapisos BLANCOX relajante lavanda y eucalipto (3000  ml),BLANCOX,16415,23450,10000
56605,Limpia vidrios BINNER  y espejos 4 en 1  pistola (500  ml),BINNER,10800,10800,10000
1039188,Quitamanchas VANISH blanco total (450  gr),VANISH,34350,34350,10000
3749173,Detergente en polvo TOP ropa color (4000  gr),TOP,39600,42200,10000
3580571,Detergente en polvo DERSA multiusos vinagre + limón (1000  gr),DERSA,10950,10950,10000
1784093,Jabón de barra COCO prendas delicadas (180  gr),COCO,2530,2910,10000
3449710,Detergente líquido PERSIL universal acción profunda (3000  ml),PERSIL,82400,82400,10000
1429160,Limpiador BINNER de pisos madera y laminados (500  ml),BINNER,16800,16800,10000
3663165,Detergente en polvo FAB ultra expert blanco impecable (1000  gr),FAB,14000,14000,10000
188885,Limpiador BINNER pisos de madera laminados (700  ml),BINNER,23600,23600,10000
3749177,Detergente líquido TOP ropa color (3000  ml),TOP,24720,41200,10000
3615046,Detergente en polvo AK1 con oxígeno activo (3000  gr),AK-1,21680,27250,10000
3374895,Detergente líquido DERSA manzana verde (1800  ml),DERSA,22100,24350,10000
1800854,Limpiador BEISBOL vinagre de limpieza (900  ml),BEISBOL,8150,8150,10000
3015702,Detergente líquido WOOLITE protección y cuidado (1800  ml),WOOLITE,33650,33650,10000
3366664,Detergente líquido DERSA coco ropa delicada (900  ml),DERSA,16650,16650,10000
3297628,Jabón de barra AZULK antibacterial con vinagre (720  gr),AZUL-K,7380,7380,10000
168038,Limpiador PATO inodoro pastilla adhesiva lavanda (30  gr),PATO,9070,9070,10000
3068935,Limpiador BINNER eucalipto limon (1000  ml),BINNER,9210,10650,10000
124195494,Detergente Liquido FAB Ultra Concentrado Rinde 6L x3 unidades,FAB,51030,56700,10000
1707307,Limpiapisos FABULOSO alternativa al cloro fresca lavanda (720  ml),FABULOSO,7630,7630,10000
3782035,Detergente líquido BLANCOX ropa delicada coco (3800  ml),BLANCOX,24050,48100,10000
1039189,Quitamanchas VANISH en polvo (450  gr),VANISH,34350,34350,10000
1648581,Detergente en polvo ARIEL revitacolor (1000  gr),ARIEL,18100,18100,10000
3011726,Limpiador PINOLINA liquido canela miel (960  ml),PINOLINA,6510,6510,10000
3449711,Detergente líquido PERSIL universal acción profunda (4650  ml),PERSIL,117000,117000,10000
22618,Blanqueador LIMPIDO multiusos (1800  ml),LIMPIDO,5985,7980,10000
698695,Jabón de barra JIRAFA coco (600  gr),JIRAFA,7640,7640,10000
3002911,Limpiador PATO inodoro activos cítrico aplicador (38  gr),PATO,14150,14150,10000
3567232,Blanqueador CLOROX multiusos original (930  ml),CLOROX,4960,4960,10000
3756480,Detergente en polvo PERSIL acción profunda (4500  gr),PERSIL,50400,55500,10000
50639,Desmanchador BLANCOX blanco líquido radiante sin cloro (1000  ml),BLANCOX,12950,12950,10000
3615045,Detergente en polvo AK1 con oxígeno activo (1450  gr),AK-1,10360,12950,10000
1705880,Detergente en polvo EKONO multiusos aroma floral (1000  gr),EKONO,3860,3870,10000
1427103,Limpiapisos SANPIC vainilla (1000  ml),SANPIC,10850,10850,10000
3514527,Jabón de barra DERSA azul puro + bicarbonato (960  gr),DERSA,14250,14250,10000
3746255,Desinfectante PINOLINA desmanchador multiusos (960  ml),PINOLINA,4992,8720,10000
1278445,Desmanchador VANISH en polvo gold (570  gr),VANISH,31150,31150,10000
3296304,Limpiapisos FABULOSO lavanda (180  ml),FABULOSO,2090,2090,10000
3406227,Detergente FROTEX en crema ropa blanca color (1000  gr),FROTEX,18000,18000,10000
1740222,Quitamanchas BONDI ropa color (1000  ml),BONDI,5730,5730,10000
3068936,Limpiador BINNER lavanda sandia (1000  ml),BINNER,6880,6890,10000
1655014,Detergente líquido WOOLITE ropa oscura (3785  ml),WOOLITE,67400,67400,10000
3484838,Detergente líquido EcoAzul ecoazul limpieza profunda floral (1800  ml),EcoAzul,13762,18350,10000
400119,Limpiador PATO inodoro pastilla marina (40  gr),PATO,7950,7950,10000
830363,Quitamanchas VANISH líquido (900  ml),VANISH,14200,14200,10000
3449171,Jabón mágico DR. BECKMANN quitamanchas  (100  gr),DR. BECKMANN,10350,10350,10000
194474,Quitamanchas VANISH blanco total (240  gr),VANISH,19900,19900,10000
3668948,Detergente en polvo ARIEL revitacolor (700  gr),ARIEL,10400,10400,10000
3766826,Desinfectantes TASK limpia inodoro pastillas (3  und),TASK,12650,12650,10000
3698625,Desengrasante T/L/D TODOS LOS DIAS varsol puro (500  ml),T/L/D TODOS LOS DIAS,5710,5710,10000
1651510,Jabón de barra UNICO limón (750  gr),UNICO,6630,8840,10000
3429038,Detergente en polvo FAB ultra flas vibra color (2000  gr),FAB,19612,26150,10000
3330501,Jabón de barra PURO hortensia (360  gr),PURO,4410,4410,10000
738950,Quitamanchas VANISH blanco total (900  gr),VANISH,66700,66700,10000
519042,Limpiador PATO inodoro pastilla adhesiva cítrico (30  gr),PATO,9030,9030,10000
138211,Quitamanchas VANISH líquido (900  ml),VANISH,14450,14450,10000
3732719,Limpiador LIMPIDO en gel blanqueador multiusos (1000  ml),LIMPIDO,4576,7040,10000
3315405,Jabón de barra SUPER RIEL multiusos aroma floral (1.6  lt),SUPER RIEL,9307,10950,10000
1712028,Blanqueador CLOROX pureza cítrica (1800  ml),CLOROX,5865,8960,10000
3378885,Detergente líquido DERSA coco control olores (1800  ml),DERSA,32500,32500,10000
3698623,Desengrasante T/L/D TODOS LOS DIAS biodegradable (500  ml),T/L/D TODOS LOS DIAS,4900,4900,10000
3749179,Detergente líquido TOP jeans & ropa oscura (3000  ml),TOP,30275,43250,10000
1456887,Limpiapisos SANPIC canela manzana (450  ml),SANPIC,5020,5020,10000
3464421,Limpiapisos HOMECHOICE MARCA EXCLUSIVA citronela (3000  ml),HOMECHOICE MARCA EXCLUSIVA,9990,9990,10000
809547,Crema antibacterial FROTEX desmancha (550  gr),FROTEX,20550,22950,10000
1418666,Quitamanchas CLOROX ropa blanca (930  ml),CLOROX,12100,12100,10000
3555304,Detergente líquido ETERNA ropa oscura + quita manchas (3600  ml),ETERNA,23062,30750,10000
3086843,Limpiapisos BINNER frutas y verduras (500  ml),BINNER,12350,12350,10000
3295938,Limpiapisos BLANCOX con el poder del bicarbonato (3000  ml),BLANCOX,18095,25850,10000
124305693,Pack x2 Detergente en polvo Ariel 5kg,ARIEL,119600,124600,10000
3580569,Detergente en polvo DERSA multiusos vinagre + limón (4000  gr),DERSA,36550,36550,10000
1294907,Limpiador BINNER mantenimiento pisos de madera (1900  ml),BINNER,33300,35650,10000
3776055,Detergente líquido PERSIL gel universal acción (6640  ml),PERSIL,78700,80100,10000
1617888,Limpiapisos PINOLINA manzana verde (1000  ml),PINOLINA,6405,9150,10000
3543260,Blanqueador CLOROX magia floral (930  ml),CLOROX,5780,5780,10000
669993,Desengrasante ALASKA varsol sin olor (460  ml),ALASKA,15400,19450,10000
1762204,Jabón de barra UNICO plus lavanda (220  gr),UNICO,2720,2720,10000
1024789,Limpiador BINNER porcelanato (500  ml),BINNER,11050,11050,10000
3333321,Jabón de barra TOP floral (690  gr),TOP,10050,10050,10000
1045541,Jabón de barra SUPER RIEL con bicarbonato (200  gr),SUPER RIEL,1960,2260,10000
1712025,Quitamanchas CLOROX blancos intensos (1800  ml),CLOROX,10400,13000,10000
56077,Detergente líquido COCO VARELA el original (300  ml),COCO VARELA,7360,7360,10000
1404031,Desengrasante ALASKA varsol lavanda (460  ml),ALASKA,13300,13300,10000
3185392,Jabón de barra PURO fuerza azul (320  gr),PURO,5200,5200,10000
981113,Detergente líquido VEL ROSITA con suavizante + doypack (900  ml),VEL ROSITA,18250,18250,10000
3743398,Detergente en polvo TOP TERRA ecológico (2000  gr),TOP TERRA,18337,24450,10000
3636263,Limpiador CIF en crema multiusos (750  gr),CIF,14400,16300,10000
465805,Desmanchador BLANCOX polvo blanco radiante sin cloro (400  gr),BLANCOX,18900,25200,10000
3052420,Limpiador BINNER lavadoras (300  ml),BINNER,18650,18650,10000
3386975,Limpiavidrios HOMECHOICE MARCA EXCLUSIVA anti empañante (750  ml),HOMECHOICE MARCA EXCLUSIVA,5990,5990,10000
1762203,Jabón de barra UNICO plus limón (220  gr),UNICO,2720,2720,10000
344862,Limpiador BINNER quita polvo y da brillo citrus (300  ml),BINNER,18700,18700,10000
3555346,Jabón líquido TASK multiusos (1  lt),TASK,6360,8480,10000
1314796,Blanqueador CLOROX anti splash botella (930  ml),CLOROX,7030,7030,10000
50834,Desmanchador BLANCOX ropa color líquido protege el color (1000  ml),BLANCOX,13100,13100,10000
3499363,Limpiapisos BLANCOX vibrante rosa y jazmín (5000  ml),BLANCOX,25585,36550,10000
3678491,Detergente líquido BLANCOX multiusos con bicarbonato (1500  ml),BLANCOX,16400,16400,10000
3474452,Detergente líquido FAB ultra flash (5000  ml),FAB,79800,79800,10000
1705986,Detergente en polvo EKONO multiusos aroma limón (1000  gr),EKONO,3860,3870,10000
3543261,Blanqueador CLOROX pureza cítrica (930  ml),CLOROX,5590,5590,10000
3235533,Limpiador T/L/D TODOS LOS DIAS fraguas (500  ml),T/L/D TODOS LOS DIAS,3430,3430,10000
3749175,Detergente en polvo TOP cuidado y limpieza (4000  gr),TOP,25200,42000,10000
1504192,Quitamanchas VANISH prelavado (500  ml),VANISH,18200,22400,10000
931037,Jabón de barra JIRAFA blanco lavanda (750  gr),JIRAFA,8040,8040,10000
3698626,Desengrasante T/L/D TODOS LOS DIAS varsol puro (800  ml),T/L/D TODOS LOS DIAS,9160,9160,10000
1427111,Detergente líquido WOOLITE protección y cuidado (900  ml),WOOLITE,16600,17900,10000
3568807,Detergente líquido TIDE original (3900  ml),TIDE,151700,151700,10000
136023,Limpiador BINNER juntas de cerámica (700  ml),BINNER,27850,27850,10000
3759809,Detergente líquido PERSIL acción profunda (1830  ml),PERSIL,50800,50800,10000
3006716,Cloro BUFALO pastillas efervescentes (12  und),BUFALO,7370,7370,10000
163529,Almidón ALASKA para planchar (500  ml),ALASKA,7950,7950,10000
3431266,Detergente líquido HOMECHOICE MARCA EXCLUSIVA ropa oscura (1000  ml),HOMECHOICE MARCA EXCLUSIVA,6990,6990,10000
401262,Crema antibacterial FROTEX multiusos (170  gr),FROTEX,6990,7540,10000
159482,Limpia vidrios EASY OFF cristal alcohol (500  ml),EASY OFF,10200,10200,10000
3431893,Desmanchador DR. BECKMANN super blanco intensivo (80  gr),DR. BECKMANN,7510,7510,10000
808505,Detergente líquido BLANCOX protección color limpieza profunda (900  ml),BLANCOX,14100,14100,10000
1719830,Blanqueador CLOROX flores de lavanda (1800  ml),CLOROX,6900,9540,10000
3705583,Jabón de barra T/L/D TODOS LOS DIAS líquido para ropa de bebé (960  ml),T/L/D TODOS LOS DIAS,4270,4270,10000
194025,Quitamanchas VANISH ropa color (240  gr),VANISH,17250,19700,10000
3555340,Limpiapisos TASK lavanda (1000  ml),TASK,5446,7780,10000
3045314,Limpiapisos AROMAX DUO lavanda (1000  ml),AROMAX DUO,11750,11750,10000
1314797,Blanqueador CLOROX anti splash botella (1800  ml),CLOROX,12500,12500,10000
3774792,Vinagre BEISBOL limpieza lavanda y jazmín (900  ml),BEISBOL,11200,11200,10000
3002606,Blanqueador T/L/D TODOS LOS DIAS desinfectante aroma manzana (2000  ml),T/L/D TODOS LOS DIAS,4280,4280,10000
947320,Limpiador TERGO desodoriza el inodoro (144  gr),TERGO,13900,14500,10000
185916,Protector BINNER brillador pisos de madera (700  ml),BINNER,31900,34250,10000
980967,Blanqueador BLANCOX desinfectante aroma limón (1000  ml),BLANCOX,4180,4950,10000
3431894,Quitamanchas DR. BECKMANN colores intensos (80  gr),DR. BECKMANN,7510,7510,10000
1148896,Limpiador LIMPIAYA multiusos fragancia lavanda (1000  ml),LIMPIAYA,3730,3730,10000
1543053,Limpiavidrios BUFALO anti empañante (500  ml),BUFALO,5990,5990,10000
3663127,Detergente en polvo FAB ultra expert blanco impecable (2000  gr),FAB,26150,26150,10000
3015862,Limpiador PATO inodoro activos lavanda (38  gr),PATO,11250,11250,10000
3670169,Limpiapisos T/L/D TODOS LOS DIAS líquido aroma a lavanda (3000  ml),T/L/D TODOS LOS DIAS,6340,6350,10000
1628273,Quitamanchas VANISH blanco total (850  gr),VANISH,54800,54800,10000
3001381,Limpiapisos BLANCOX con el poder del bicarbonato (1500  ml),BLANCOX,11560,14450,10000
1525809,Limpiavidrios GLASSI anti empañante (500  ml),GLASSI,5630,5630,10000
3002604,Blanqueador T/L/D TODOS LOS DIAS desinfectante aroma limón (2000  ml),T/L/D TODOS LOS DIAS,4280,4280,10000
3555343,Limpiapisos TASK antibacterial lavanda (2000  ml),TASK,9555,13800,10000
3788441,Detergente líquido 3D multiusos explosión de manzanas (1000  ml),3D,10850,10850,10000
1568942,Limpiapisos AROMAX DUO lavanda (440  ml),AROMAX DUO,15892,24450,10000
803375,Detergente en polvo ARIEL con un toque de downy (2000  gr),ARIEL,34050,34050,10000
1558986,Quitamanchas DR. BECKMANN desodorante y sudor (250  ml),DR. BECKMANN,34800,34800,10000
3763446,Detergente MAS líquido ropa color (830  ml),MAS,16050,16050,10000
3749178,Detergente líquido TOP ropa color (1800  ml),TOP,25600,25600,10000
182815,Quitamanchas CLOROX blancos intensos (930  ml),CLOROX,10700,10700,10000
319451,Limpia vidrios EASY OFF cristal regular (500  ml),EASY OFF,15650,15650,10000
3696474,"Eliminador de olores BRIZZE en gotas, fragancia eucalipto (28  ml)",BRIZZE,15150,15150,10000
1712024,Quitamanchas CLOROX ultra sin cloro (1800  ml),CLOROX,21300,21300,10000
1712022,Quitamanchas sin cloro CLOROX 4 en 1 para ropa color (1800  ml),CLOROX,15037,20050,10000
1456885,Limpiapisos SANPIC vainilla (450  ml),SANPIC,5060,5060,10000
554450,Blanqueador BLANCOX desinfectante aroma poder natural (1000  ml),BLANCOX,4180,4180,10000
242812,Blanqueador BLANCOX desinfectante máxima concentración (1000  gr),BLANCOX,5830,5830,10000
688868,Limpiavidrios NEW ANDIN Limpia Vidrios (500  ml),NEW ANDIN,6950,6950,10000
865746,Blanqueador CLOROX pureza cítrica (3800  ml),CLOROX,19050,19050,10000
3788464,Detergente líquido 3D multiusos explosión de manzanas (1800  ml),3D,14137,18850,10000
3526307,Jabón de barra LIMPIAYA líquido (1000  ml),LIMPIAYA,8260,8260,10000
3022692,Detergente líquido LAVOMATIC colores vivos y brillantes (1300  ml),LAVOMATIC,25250,25250,10000
3479096,Limpiador BONDI spray desmanchador desincrusta (500  ml),BONDI,5096,7280,10000
3429328,Detergente líquido FAB ultra color (3000  ml),FAB,41550,56300,10000
170106,Jabón de barra UNICO plus lavanda (750  gr),UNICO,6525,8700,10000
1445302,Desinfectante HARPIC para inodoros pastillas (180  gr),HARPIC,31350,31350,10000
1654555,Quitamanchas VANISH en polvo (850  gr),VANISH,54800,54800,10000
798568,Limpiavidrios MR MUSCULO fresca empaque con gatillo (500  ml),MR MUSCULO,14400,14400,10000
1436141,Detergente en polvo RINDEX 10 multi beneficios (2000  gr),RINDEX 10,15300,15300,10000
3528332,Limpiador LIMPIAYA multiusos fragancia citronela (2000  ml),LIMPIAYA,8960,8960,10000
930834,Limpiapisos BLANCOX relajante lavanda y eucalipto (5000  ml),BLANCOX,25585,36550,10000
419996,Limpiapisos PINOLINA citronela (2000  ml),PINOLINA,17600,18500,10000
504296,Desengrasante BEISBOL varsol quitamanchas  (500  ml),BEISBOL,10600,10600,10000
3452251,Limpiapisos BLANCOX con el poder del bicarbonato (720  ml),BLANCOX,7310,7310,10000
3733807,Pastilla limpiadora TASK para sanitarios (48  gr),TASK,4510,4510,10000
3438474,Detergente líquido FAB ultra flash (900  ml),FAB,16400,17100,10000
3015225,Detergente líquido ETERNA ecológico fragancia floral (2000  ml),ETERNA,26600,26600,10000
3640368,Limpiador ETERNA desinfectante mascotas (2000  ml),ETERNA,8820,8820,10000
3568808,Detergente líquido TIDE original (2480  ml),TIDE,104100,104100,10000
3543258,Blanqueador CLOROX flores de lavanda (930  ml),CLOROX,4970,4970,10000
199314,Limpiador PINOLINA en polvo abrasivo (2000  ml),PINOLINA,11655,16650,10000
667880,Quitamanchas VANISH en polvo (900  gr),VANISH,60600,60600,10000
1862279,Limpiador BON BRIL multiusos con peróxido activo (900  ml),BON BRIL,12300,12300,10000
445710,Eliminador de olor PETIT copito de nube (14  ml),PETIT,17700,17700,10000
3568003,Limpiapisos FABULOSO antibacterial violeta (2000  ml),FABULOSO,16000,16000,10000
1022266,Jabón de barra SUPREMO multiusos limón (600  gr),SUPREMO,4837,6450,10000
1445301,Desinfectante HARPIC para inodoros pastillas (180  gr),HARPIC,30500,30500,10000
182158,Preplanchado NIAGARA original (567  ml),NIAGARA,17150,20900,10000
3672474,Limpiador BINNER crema desmanchadora multiusos (500  ml),BINNER,10760,13450,10000
1740184,Vinagre de limpieza BONDI multisuperficies (4000  ml),BONDI,16030,22900,10000
3749180,Detergente líquido TOP jeans & ropa oscura (1800  ml),TOP,27000,27000,10000
3656048,Detergente en polvo 3D bomba de limpieza aroma manzana (3000  gr),3D,19875,26500,10000
623315,Limpiapisos PINOLINA lavanda (960  ml),PINOLINA,5175,6900,10000
3220753,Limpiador GREEN CHOICE GENERATION multiusos (1000  ml),GREEN CHOICE GENERATION,4160,4160,10000
3473998,Quitamanchas BONDI polvo ropa blanca (900  gr),BONDI,28100,28100,10000
122036,Blanqueador DR. BECKMANN súper blanco (240  gr),DR. BECKMANN,25600,25600,10000
3698624,Desengrasante T/L/D TODOS LOS DIAS biodegradable (800  ml),T/L/D TODOS LOS DIAS,7850,7850,10000
3537571,Limpiapisos PINOLINA floral (2000  ml),PINOLINA,12750,12750,10000
3016097,Preplanchado  orquídea de los Andes (250  ml),Bloomy,10800,10800,10000
3580577,Detergente en polvo DERSA doble poder multiusos  (500  gr),DERSA,5310,5310,10000
104170922,Detergente Liquido Ropa X 3785 Bio,FULLER PINTO,0,0,0
188884,Removedor BINNER de cera y sellantes pisos de madera (700  ml),BINNER,29700,29700,10000
3749174,Detergente en polvo TOP ropa color (2000  gr),TOP,22100,22100,10000
26607,Limpiador BINNER pisos de porcelanato (700  ml),BINNER,16850,17550,10000
3555342,Limpiador TASK multiusos (2000  ml),TASK,9975,14700,10000
3565667,Desinfectante TASK para sanitario  (50  gr),TASK,6500,6500,10000
3012465,Cera MANSION para pisos maderas y laminados (800  ml),MANSION,31550,31550,10000
480591,Blanqueador LIMPIDO multiusos floral (3800  ml),LIMPIDO,12390,17700,10000
3220946,Cera  BINNER limpiadora emulsionada (500  ml),BINNER,10600,10600,10000
3529981,Limpiador T/L/D TODOS LOS DIAS en crema desengrasa superficies (250  gr),T/L/D TODOS LOS DIAS,5740,5740,10000
1207885,Detergente en polvo ARIEL con un toque de downy (4000  gr),ARIEL,57400,57400,10000
1426946,Limpiapisos SANPIC vainilla (3000  ml),SANPIC,28700,28700,10000
3226414,Blanqueador GREEN CHOICE GENERATION en gel (1000  ml),GREEN CHOICE GENERATION,5490,5490,10000
327854,Protector BINNER brillador pisos de madera (1000  ml),BINNER,84100,98900,10000
3514520,Limpiador DERSA multiusos (4000  ml),DERSA,25100,25100,10000
3673476,Detergente líquido COCO VARELA ropa delicada (700  ml),COCO VARELA,10200,10200,10000
200856,Quitamanchas sin cloro CLOROX 4 en 1 para ropa blanca en polvo (900  gr),CLOROX,43300,43300,10000
969146,Limpiador LIMPIAYA multiusos fragancia lavanda (2000  ml),LIMPIAYA,7160,7160,10000
3672475,Quitagrasa  BINNER crema multiusos (500  gr),BINNER,12520,15650,10000
268181,Blanqueador PATOJITO desinfectante multiusos (1800  ml),PATOJITO,6270,6270,10000
3401852,Desmanchador Ropa Color FLORAL,CLOROX,18800,23500,10000
1427104,Limpiapisos SANPIC lavanda (1000  ml),SANPIC,8570,11050,10000
1456888,Limpiapisos SANPIC lavanda (450  ml),SANPIC,5020,5020,10000
798609,Limpiavidrios MR MUSCULO lavanda empaque con gatillo (500  ml),MR MUSCULO,14400,15300,10000
400713,Limpiapisos PINOLINA desinfectante (960  ml),PINOLINA,6552,9360,10000
3679061,Limpiavidrios  BUFALO  + limpiador quitagrasa (1  UNIDAD),BUFALO,14475,19300,10000
124195497,Detergente Coco Varela X2,COCO VARELA,53295,74800,10000
353148,Detergente en cápsulas TIDE pods spring meadow (379  gr),TIDE,53700,63100,10000
3749176,Detergente en polvo TOP cuidado y limpieza (2000  gr),TOP,22100,22100,10000
3220755,Desengrasante GREEN CHOICE GENERATION desinfectante citrus (1000  ml),GREEN CHOICE GENERATION,9990,9990,10000
569305,Desmanchador BLANCOX polvo protege el color (400  gr),BLANCOX,18900,25950,10000
3395883,Jabón de barra JIRAFA líquido cítrico (1  lt),JIRAFA,7970,7970,10000
894325,Jabón de barra JIRAFA lavanda (250  gr),JIRAFA,2830,2830,10000
3555344,Limpiador TASK multiusos (1000  ml),TASK,5880,8400,10000
341317,Jabón de barra JIRAFA para ropa de bebé (750  gr),JIRAFA,8340,8340,10000
3526567,Detergente líquido ETERNA ecológico (4000  ml),ETERNA,47250,47250,10000
3642169,Detergente líquido ARIEL remueve manchas y cuida el color (1800  ml),ARIEL,32890,50600,10000
1022265,Jabon Barra Limon LIMON,SUPREMO,3220,3220,10000
3720858,Pastilla limpiadora TASK para sanitario (1  und),TASK,16600,16600,10000
3226171,Limpiador BIOVARSOL multiusos bio (2100  ml),BIOVARSOL,34450,35600,10000
1783616,Detergente líquido ETERNA con bicarbonato + doypack (4800  ml),ETERNA,54000,54000,10000
3526560,Detergente líquido ETERNA ecológico (900  ml),ETERNA,12000,12000,10000
3479119,Desengrasante BONDI biodegradable multisuperficies (960  ml),BONDI,11760,16800,10000
424788,Limpiador TERGO desodoriza el inodoro (144  gr),TERGO,17100,17100,10000
3449170,"Toallitas con colorante DR. BECKMANN para telas, color negro intenso (8  und)",DR. BECKMANN,25050,26200,10000
390895,Limpiapisos PINOLINA aroma lavanda (960  ml),PINOLINA,17250,17250,10000
1682038,Limpiapisos BLANCOX vibrante rosa y jazmín (200  ml),BLANCOX,2290,2290,10000
583675,Cera  BINNER limpiadora selladora autobrillante (1000  ml),BINNER,30850,30850,10000
3711919,Desmanchador T/L/D TODOS LOS DIAS en polvo fragancia primaveral (900  gr),T/L/D TODOS LOS DIAS,18800,18800,10000
124305694,Pack x2 Detergente en polvo FAB 5kg,FAB,104000,104000,10000
213803,"Limpiador BUFALO pisos, laminados (600  ml)",BUFALO,14280,17850,10000
3593532,Detergente en polvo FAB ultra flash (6000  gr),FAB,70200,70200,10000
3465878,Limpiador PLEDGE multisuperficies en aerosol cítrico (650  ml),PLEDGE,20250,22900,10000
32966,Neutralizador de olores CORALES DE AROMAS goticas (10  ml),CORALES DE AROMAS,19350,19350,10000
200151,Quitamanchas CLOROX ropa color (900  gr),CLOROX,43300,43300,10000
1418664,Quitamanchas CLOROX ropa blanca (3800  ml),CLOROX,28210,40300,10000
596663,Detergente líquido LAVOMATIC floral (3000  ml),LAVOMATIC,55300,55300,10000
798481,Ambientador MR MUSCULO repuesto lavanda (500  ml),MR MUSCULO,10200,10200,10000
3763447,Detergente MAS líquido ropa color (3000  ml),MAS,69500,69500,10000
3220756,Limpiavidrios GREEN CHOICE GENERATION anti empañante (1000  ml),GREEN CHOICE GENERATION,7730,7730,10000
1232693,Limpiapisos SAN LIMPIO  (1000  ml),SAN LIMPIO,3090,3090,10000
1250479,Limpiador MR MUSCULO inodoro pastilla brisa marina (80  gr),MR MUSCULO,11900,12400,10000
255912,Limpiador BINNER quita polvo y da brillo primavera (300  ml),BINNER,19250,19250,10000
3728520,Limpiador SANYTOL desinfectante multiusos eucalipto (750  ml),SANYTOL,17760,22200,10000
3419724,Detergente líquido BLANCOX protección color (300  ml),BLANCOX,4990,4990,10000
3679062,Limpiavidrios BUFALO  + limpiador multipisos (1  UNIDAD),BUFALO,16612,22150,10000
255067,Cinta adhesiva TERGO para inodoros (30  gr),TERGO,8520,8520,10000
31953,Desengrasante NEW ANDIN varsol desmanchador (500  ml),NEW ANDIN,10900,11850,10000
1022799,Limpiador BINNER pisos de madera y laminados (1000  ml),BINNER,32700,32700,10000
3720860,Pastilla limpiadora TASK para sanitario (1  und),TASK,17650,17650,10000
3763445,Detergente MAS líquido ropa color (6400  ml),MAS,76300,76300,10000
3720857,Pastilla limpiadora TASK para sanitario (1  und),TASK,6240,6240,10000
22628,Desengrasante BEISBOL varsol quitamanchas (800  ml),BEISBOL,22000,22000,10000
1664126,Limpiapisos BLANCOX vibrante rosa y jazmín (1500  ml),BLANCOX,14000,14000,10000
773928,Limpiador ECOHOME frutas y verduras (500  ml),ECOHOME,22400,26900,10000
3725450,Limpiador LIMPIAYA bicarbonato (1000  ml),LIMPIAYA,4290,4820,10000
819761,Cera BUFALO limpiadora neutra (700  ml),BUFALO,16650,17750,10000
3568811,Detergente líquido TIDE april fresh (3900  ml),TIDE,123500,145200,10000
3465877,Limpiador PLEDGE aerosol cítrico (500  ml),PLEDGE,15050,15050,10000
3413277,KIT MEGA CONCENTRADO BINNER LIMPIA VIDRIOS (100  ml),BINNER,16250,16250,10000
182110,Preplanchado NIAGARA fuerte (567  ml),NIAGARA,22200,22200,10000
1471147,Desinfectante HARPIC para inodoros pastillas (90  gr),HARPIC,15400,15400,10000
3029978,Blanqueador CLOROX anti splash (3800  ml),CLOROX,25000,25000,10000
976309,Absorbente de humedad HUMIDEX recarga para vaso (340  gr),HUMIDEX,14800,14800,10000
1862419,Desinfectante HARPIC para inodoros pastillas (12  und),HARPIC,15300,15300,10000
3016096,Preplanchado  cedro del orinoco (250  ml),Bloomy,11150,11150,10000
3364307,Desmanchador PATOJITO ropa color (1800  ml),PATOJITO,13850,14550,10000
563467,Cera BEISBOL limpiadora autobrillante (700  ml),BEISBOL,29500,29500,10000
3737379,Detergente en polvo 3D explosión cítrica multiusos (3000  gr),3D,19875,26500,10000
3736789,Detergente en polvo 3D explosión cítrica multiusos (2000  gr),3D,13537,18050,10000
3679060,Limpiador BUFALO pisos laminados y porcelanato (1  UNIDAD),BUFALO,22067,33950,10000
1451899,Detergente en polvo 0 triple poder (3500  gr),ARIEL,50300,50300,10000
264371,Almidón ALASKA para planchar (500  ml),ALASKA,14200,14200,10000
3600141,Jabón de barra SUPREMO fragancia a coco (180  gr),SUPREMO,3050,3050,10000
1796357,Limpiapisos BLANCOX con el poder del bicarbonato (1800  ml),BLANCOX,16500,20400,10000
217023,Limpiapisos PINOLINA lavanda (2000  ml),PINOLINA,11250,12450,10000
3681817,Jabón de barra AZULK líquido quita manchas (1.6  lt),AZUL-K,11500,11500,10000
3683913,Limpiador FABULOSO líquido ultra frescura (3000  ml),FABULOSO,29150,29150,10000
1404036,Jabón de barra SUPER RIEL con bicarbonato (400  gr),SUPER RIEL,3840,3840,10000
104170948,Suavizante X 3785 Cc Fullfresh,FULLER PINTO,0,0,0
3638264,Almidón  para planchar (428  ml),Bloomy,10200,10200,10000
163396,Limpiador MR MUSCULO repuesto multisuperficies (500  ml),MR MUSCULO,11400,13350,10000
3643931,Desinfectante BEISBOL citronela (240  ml),BEISBOL,12550,12550,10000
3641276,Limpiador JIRAFA pisos lavanda (1000  ml),JIRAFA,4578,6540,10000
163369,Limpiador MR MUSCULO multisuperficies con gatillo (500  ml),MR MUSCULO,22300,22300,10000
486549,Limpiapisos BLANCOX relajante lavanda y eucalipto (900  ml),BLANCOX,9420,9420,10000
960544,Blanqueador QUINEB azulactivo (200  gr),QUINEB,9020,10700,10000
182208,Preplanchado NIAGARA lavanda (567  ml),NIAGARA,23550,25200,10000
966127,Limpiapisos BLANCOX relajante lavanda y eucalipto (1800  ml),BLANCOX,13612,18150,10000
3543257,Blanqueador LIMPIDO multiusos floral (930  ml),LIMPIDO,4820,4820,10000
104170945,Suavizante Brisa Extendida Ropa X3785 Cc,FULLER PINTO,0,0,0
104765265,Oxigeno Activo,CARRIGAR,0,0,0
729736,Blanqueador BLANCOX desinfectante aroma poder natural (500  ml),BLANCOX,2060,2060,10000
28088,Tinte para ropa TINTE HOGAR súper negro (120  gr),TINTE HOGAR,19300,19300,10000
423080,Desengrasante NEW ANDIN varsol desodorizado (800  ml),NEW ANDIN,19900,23950,10000
1509256,Quitamanchas DR. BECKMANN prelavado (250  ml),DR. BECKMANN,25100,25100,10000
103525712,Secador De Botas Y Zapatos Con Temporizador,GENERICO,0,0,0
217261,Jabón de barra JIRAFA surtido (1250  gr),JIRAFA,12400,12400,10000
3012463,Cera  MANSION limpiadora brillo instantáneo (800  ml),MANSION,25650,25650,10000
3774882,Absorbente de humedad HUMIDEX recarga manzana canela (340  gr),HUMIDEX,14800,14800,10000
3641275,Limpiador JIRAFA pisos cótrico (1000  ml),JIRAFA,4578,6540,10000
3588671,Limpiador PLEDGE multisuperficies limón (378  ml),PLEDGE,25250,25250,10000
858467,Blanqueador PATOJITO desinfectante multiusos (1000  ml),PATOJITO,4510,4510,10000
740929,Limpiapisos FRAGANTI lavanda (1000  ml),FRAGANTI,9270,9270,10000
104286748,Quita Motas Para Ropa Portátil,GENERICO,0,0,0
104170919,Removedor Manchas Ropa 2000Cc,FULLER PINTO,0,0,0
3065151,Absorbente de olores FRESHWAY bolsa de colgar (300  gr),FRESHWAY,25700,25700,10000
3775623,Jabón SUPREMO quitamanchas ropa (100  gr),SUPREMO,7000,7000,10000
3413278,MEGA CONCENTRADO BINNER LIMPIA VIDRIOS (100  ml),BINNER,13900,13900,10000
565270,Limpiador BEISBOL laminados y maderas (700  ml),BEISBOL,23500,23500,10000
3295939,Limpiapisos BLANCOX botánical activos biodegradables (1800  ml),BLANCOX,19800,19800,10000
1056366,Absorbente de humedad HUMIDEX dispositivo reutilizable (300  gr),HUMIDEX,20750,20750,10000
3763448,Detergente MAS líquido ropa color (1830  ml),MAS,45800,45800,10000
3325600,Absorbente de humedad HUMIDEX cojines sin aroma (150  gr),HUMIDEX,21750,21750,10000
1800853,Jabón de barra COLLARIN líquido uso práctico (900  ml),COLLARIN,8470,8470,10000
639415,Limpiador TERGO desodoriza el inodoro (48  gr),TERGO,6810,6810,10000
3526303,Cera  T/L/D TODOS LOS DIAS limpiadora para pisos amarilla (700  ml),T/L/D TODOS LOS DIAS,16450,16450,10000
3558990,Limpiapisos BONDI lavanda (5000  ml),BONDI,14105,20150,10000
664421,Quitamanchas VANISH en polvo (450  gr),VANISH,39600,40950,10000
798562,Ambientador MR MUSCULO repuesto fragancia fresca (500  ml),MR MUSCULO,8940,8940,10000
637988,Desmanchador textil tintas esfero NEW ANDIN Cartón Azul (15  ml),NEW ANDIN,10250,10250,10000
3568810,Detergente líquido TIDE april fresh (2480  ml),TIDE,117200,117200,10000
104170921,Detergente Ropa X 2000Cc,FULLER PINTO,0,0,0
102296147,Detergente Líquido Woolite Todos Los Días 3.8L X 2,RECKITT BENCKISER,0,0,0
899699,Almidón ALASKA para planchar (1000  ml),ALASKA,18050,18050,10000
1339034,Detergente DERSA  (4000  gr),DERSA,36550,36550,10000
1411595,DETERGENTE DERSA  (1000  gr),DERSA,10650,10650,10000
842107,Detergente líquido ECOHOME  + natural aroma a coco (2000  ml),ECOHOME,46900,46900,10000
850343,Limpiador DR. BECKMANN para lavadoras (250  ml),DR. BECKMANN,21700,21700,10000
966218,Limpiapisos BLANCOX vibrante rosa y jazmín (1800  ml),BLANCOX,18150,18150,10000
67284,Limpiapisos FRAGANTI lavanda (2000  ml),FRAGANTI,8540,14100,10000
104539749,Removedor Quita Motas Lanas Pelusas Electrico Inalambrico,GENERICO,0,0,0
563716,Cera  BEISBOL limpiadora autobrillante (1800  ml),BEISBOL,63300,63300,10000
573800,Desengrasante NEW ANDIN varsol desmanchador (810  ml),NEW ANDIN,16900,18100,10000
3065150,Absorbente de humedad FRESHWAY para refrigerador (80  gr),FRESHWAY,13950,13950,10000
104169733,Tide X 156 Pods,PROCTER GAMBLE COLOMBIA,0,0,0
1651509,Jabón en barra UNICO x6und con bicarbonato (1080  gr),UNICO,12350,12350,10000
1762208,Jabón en barra UNICO x3und multiusos (840  gr),UNICO,9330,9330,10000
104170930,Blanqueador Sin Cloro Lavanda,FULLER PINTO,0,0,0
1474614,Detergente en polvo T/L/D TODOS LOS DIAS oxígeno activo aroma floral (3000  gr),T/L/D TODOS LOS DIAS,24750,24750,10000
104586650,Secador De Zapatos Portatil Evita Hongos Y Malos Olores,GENERICO,0,0,0
1750362,Limpiador ETERNA antibacterial multi superficies (1000  ml),ETERNA,23350,23350,10000
104170925,Detergente Prendas Delicadas,FULLER PINTO,0,0,0
573761,Limpiapisos SANPIC lavanda (5000  ml),SANPIC,37950,37950,10000
3363626,Cápsulas de detergente ETERNA en polvo (400  gr),ETERNA,31450,31450,10000
984775,Jabón de barra JIRAFA limón (750  gr),JIRAFA,8040,8040,10000
3419084,Spray Limpiador HOMEBRIGHT MARCA EXCLUSIVA De Vidrios (369  gr),HOMEBRIGHT MARCA EXCLUSIVA,10650,10650,10000
28096,Tinte para ropa TINTE HOGAR azul índigo (120  gr),TINTE HOGAR,19300,19300,10000
182192,Preplanchado NIAGARA original limón (567  ml),NIAGARA,22900,25300,10000
3158661,Limpiador BUFALO multiusos (600  ml),BUFALO,12360,18050,10000
3659470,Limpiador BLANCOX multiusos oxi pro primaveral (1800  ml),BLANCOX,15600,20800,10000
637985,Desmanchador de óxido textil NEW ANDIN Cartón Verde (15  ml),NEW ANDIN,8910,8910,10000
3375286,Limpiapisos FABULOSO Antibacterial Violeta (5000  ml),FABULOSO,30500,30500,10000
672939,Cera BEISBOL escarlata (700  ml),BEISBOL,17400,20450,10000
103743052,Quitamanchas Bye Bye Manchas X2 Und,DROPS,0,0,0
3725451,Limpiador LIMPIAYA lavanda (760  ml),LIMPIAYA,4330,4920,10000
3219858,Limpiador BUFALO pisos porcelanato (600  ml),BUFALO,14480,18100,10000
3007126,Limpiador GLASSI anti empañante (1000  ml),GLASSI,13350,13350,10000
446848,JABON DE LAVAR 3U SIN FRA,UNICO,11600,11600,10000
3526305,Cera  T/L/D TODOS LOS DIAS limpiadora para pisos neutra (700  ml),T/L/D TODOS LOS DIAS,16450,16450,10000
104750996,Quitamotas Removedor De Pelusas Lanas Recargable Eléctrico 220V,GENERICO,0,0,0
104170928,Blanqueador Floral Sin Cloro,FULLER PINTO,0,0,0
104170924,Gancho Para Ropa X10 Und,FULLER PINTO,0,0,0
104170063,Quitamanchas De Tinta 4 Unds,FULLER PINTO,0,0,0
104142935,Detergente Ropa C/Oxi Clean 5.91 L,ARM & HAMMER,0,0,0
103977277,Quitamanchas Desodorante Y Sudor Dr. Beckmann Pack 2 Unidades 250 Ml,DR BECKMANN,0,0,0
103737584,Suavizante Aroma Flores De Algodon,ECOMAXX,0,0,0
104170917,Suavizante 2000Cc Fullerpinto,FULLER PINTO,0,0,0
124305695,Pack x3 Detergente en polvo FAB blanco impecable 4kg,FAB,135750,136650,10000
3763399,Limpiador NEW ANDIN multiusos biodegradables con varsol (2000  ml),NEW ANDIN,28900,34600,10000
3045313,Limpiapisos AROMAX DUO lavanda (2000  ml),AROMAX DUO,21150,21150,10000
102612843,Quitamanchas Bye Bye Manchas 250 Ml,DROPS,0,0,0
103634984,Secador De Zapatos Eléctrico Pequeño Calentador De Botas Viajero Blanco Dshj S 190D B,GENERICO,0,0,0
103416156,Secador De Zapatos Eléctrico Portátil Evita Malos Olores,GENERICO,0,0,0
669000,Desengrasante BELLA LUZ varsol limpiador (810  ml),BELLA LUZ,21500,21500,10000
779714,Cera BUFALO limpiadora multiusos (700  ml),BUFALO,18500,20650,10000
3002593,Blanqueador T/L/D TODOS LOS DIAS Desinfectante Aroma Floral (3800  ml),T/L/D TODOS LOS DIAS,10100,10100,10000
3720859,Pastilla limpiadora TASK para sanitario (1  UNIDAD),TASK,6560,6560,10000
103740944,Mini Lavadora Automatica Electrica Portatil Plegable,GENERICO,0,0,0
321021,Limpiador ALASKA multiusos (250  ml),ALASKA,14150,14150,10000
3015226,Limpiador ETERNA pisos ecológico fragancia lavanda (2000  ml),ETERNA,17100,17100,10000
104602372,Cesta Para La Ropa Sucia Moderno 3 Espacios,CLEAR,0,0,0
3537572,Limpiapisos PINOLINA floral (5000  ml),PINOLINA,28550,28550,10000
3364308,Blanqueador PATOJITO de limón desinfectante (1800  ml),PATOJITO,6740,6740,10000
162548,CERA EXITO MARCA PROPIA  (700  ml),EXITO MARCA PROPIA,14200,14200,10000
25250,Limpiador multiusos EASY OFF quitagrasa (500  ml),EASY OFF,22300,22300,10000
563327,Cera BEISBOL  (1800  ml),BEISBOL,62400,62400,10000
3798480,Antisarro KH7 recambio (500  ml),KH-7,35050,35050,10000
3798479,Antisarro KH7 atomizador (750  ml),KH-7,17550,17550,10000
3775090,Absorbente de humedad HUMIDEX humedad closets bolsa de colga (2  UNIDAD),HUMIDEX,30650,30650,10000
3728641,Detergente ETERNA quita manchas (5500  ml),ETERNA,58300,58300,10000
3565079,Desengrasante BELLA LUZ biodegradable aroma (800  ml),BELLA LUZ,21600,22300,10000
3526304,Cera T/L/D TODOS LOS DIAS para pisos escarlata (700  ml),T/L/D TODOS LOS DIAS,16450,16450,10000
3493675,Detergente líquido T/L/D TODOS LOS DIAS ultra concentrado (330  ml),T/L/D TODOS LOS DIAS,12000,12000,10000
3492134,Detergente ESPECIAL LIQUIDO BLANCO LAVANDA (1000  ml),ESPECIAL,8900,10300,10000
3460820,Detergente líquido TIDE Pure clean 48 lavadas (2210  ml),TIDE,104000,117600,10000
3325599,Absorbente de humedad HUMIDEX cojines con aroma manzana canela (150  gr),HUMIDEX,21750,21750,10000
3304063,Detergente líquido CHEER Colorguard 107 lavadas (4555  ml),CHEER,130800,130800,10000
3228795,Limpiapisos AROMAX DUO frutos rojos (2000  ml),AROMAX DUO,21050,21050,10000
3048929,Cápsulas de detergente UMI frescura floral (150  gr),UMI,22900,22900,10000
3012464,Cera  MANSION limpiadora brillo instantáneo (1600  ml),MANSION,45100,53200,10000
124194674,Kit Cuidado de Bebé Detergente Hipoalergénico Coco + Jabón Dove Baby 400ml,COCO,63300,65800,10000
123743881,Talla 1,BATA,0,0,0
123722361,Talla 1,BATA,0,0,0
123722358,Talla 1,BATA,0,0,0
123722357,Talla 1,BATA,0,0,0
123722356,Talla 1,BATA,0,0,0
123722355,Talla 1,BATA,0,0,0
123722354,Talla 1,BATA,0,0,0
1740962,Desengrasante NEW ANDIN varsol biodegradable (800  ml),NEW ANDIN,19900,20650,10000
844943,ACEITE BEISBOL  (120  ml),BEISBOL,15000,15000,10000
104900307,Plancha A Vapor De Pie,GENERICO,0,0,0
104875613,Secador Para Zapatos De Tenis Medias Calentador Eléctrico Portatil Silencioso Ligero,GENERICO,0,0,0
104874252,Quita Motas Y Pelusas Recargable Removedor De Lanas Yz719,GENERICO,0,0,0
104827121,Removedor De Pelusa Recargable Digital Portátil,PERDUOUTLET,0,0,0
104827115,Removedor De Pelusa Recargable Digital Portátil,PERDUOUTLET,0,0,0
104815031,Tabla Para Lavado De Silicona Antideslizante Pequeña,TRIPLE CLEAN,0,0,0
104738898,Quita Motas Inalambrico Recargable Removedor De Pelusa Para Ropa,GENERICO,0,0,0
104556932,Mini Lavadora Electrica Portátil Plegable,ZEBBRIS,0,0,0
104288744,Secador De Zapatos Electrico Calentador Multiusos Calzado,GENERICO,0,0,0
104170943,Suavizante Frutos Rojos X 2000M,FULLER PINTO,0,0,0
104170933,Gancho Para Ropa X10 Und,FULLER PINTO,0,0,0
104170931,Detergente Ropa X 2000Cc,FULLER PINTO,0,0,0
104170929,Suavizante Bio Frutal X2000ml,FULLER PINTO,0,0,0
104170927,Gancho Para Ropa X10 Und,FULLER PINTO,0,0,0
104170918,Gancho Para Ropa X10 Und,FULLER PINTO,0,0,0
104170072,Detergente Ropa X 1000Cc 3 Unds,FULLER PINTO,0,0,0
104170071,Perchero De Pared X5 Ganchos,FULLER PINTO,0,0,0
104170056,Perchero De Pared X5 Ganchos,FULLER PINTO,0,0,0
104170054,Suavizante Brisa Extendida 2000Ml,FULLER PINTO,0,0,0
103740961,Removedor Quita Pelusas Mota Viajero Recargable,GENERICO,0,0,0
103689825,Tendero Retráctil En Acero Inoxidable Cable Plegable Colgar,FIALLOLO IMPOR,0,0,0
103509952,Quita Motas W148 Removedor Pelusa Cuchilla 6 Hojas Rodillo Limpiador,GENERICO,0,0,0
103121595,Crema Frotex Multiusos 1Kg,FROTEX,0,0,0
102902974,Kit X30 Ganchos Ahorrador De Espacio Acero Organiza Tu Ropa,ENERGY PLUS,0,0,0
102902973,Kit X20 Ganchos Ahorrador De Espacio Acero Organiza Tu Ropa,ENERGY PLUS,0,0,0
102902972,Kit X10 Ganchos Ahorrador De Espacio Acero Organiza Tu Ropa,ENERGY PLUS,0,0,0
102758537,"Secador De Zapatos Eléctrico Portátil, Evita Malos Olores Blanco",ENERGY PLUS,0,0,0
102738519,Secador De Zapatos Calentador Electrico Portatil,GENERICO,0,0,0
102554521,Removedor Pelo De Mascotas Rodillo Pelusa Eléctrico Alluma,ALLUMA,0,0,0
102231045,Secador De Zapatos Eléctrico Calentador Medias Multiusos,GENERICO,0,0,0
